trader,events,products,days,buys,sells,total_qty,avg_qty,mean_edge_200,good_pct_200,qty_edge_200,mean_mid_move_200
Mark 14,2172,7,3,1127,1045,8718,4.013812154696133,6.563996316758748,0.966390423572744,50220.0,0.02255985267034991
Mark 01,1843,7,3,1599,244,7428,4.030385241454151,1.1663049376017363,0.956592512208356,10371.5,0.030113944655453067
Mark 67,165,1,3,165,0,1510,9.151515151515152,1.1484848484848484,0.8121212121212121,1820.0,1.9454545454545455
Mark 49,122,1,3,17,105,1186,9.721311475409836,-1.0327868852459017,0.22131147540983606,-1385.0,-1.819672131147541
Mark 22,1584,12,3,42,1542,5889,3.7178030303030303,-0.5252525252525253,0.04292929292929293,-3137.5,-0.13131313131313133
Mark 55,1198,1,3,598,600,6551,5.468280467445743,-2.4348914858096826,0.05509181969949917,-15957.0,0.04674457429048414
Mark 38,1478,7,3,733,745,5000,3.3829499323410013,-8.606901217861976,0.005412719891745603,-41932.0,-0.03484438430311231
