day,product,side,n,trade_mo_10_mean,mid_move_10_mean,side_mid_mo_10_mean,trade_mo_50_mean,mid_move_50_mean,side_mid_mo_50_mean,trade_mo_200_mean,mid_move_200_mean,side_mid_mo_200_mean,trade_mo_500_mean,mid_move_500_mean,side_mid_mo_500_mean
1,VELVETFRUIT_EXTRACT,buy,6,0.4166666666666667,-0.5833333333333334,-0.5833333333333334,0.4166666666666667,-0.5833333333333334,-0.5833333333333334,0.16666666666666666,-0.8333333333333334,-0.8333333333333334,0.9166666666666666,-0.08333333333333333,-0.08333333333333333
2,VELVETFRUIT_EXTRACT,buy,6,0.16666666666666666,-1.4166666666666667,-1.4166666666666667,0.16666666666666666,-1.4166666666666667,-1.4166666666666667,0.5,-1.0833333333333333,-1.0833333333333333,-0.4166666666666667,-2.0,-2.0
3,VELVETFRUIT_EXTRACT,buy,5,0.1,-1.9,-1.9,0.1,-1.9,-1.9,0.1,-1.9,-1.9,-1.7,-3.7,-3.7
1,VELVETFRUIT_EXTRACT,sell,34,-1.1470588235294117,1.8823529411764706,-1.8823529411764706,-1.1470588235294117,1.8823529411764706,-1.8823529411764706,-1.1323529411764706,1.8676470588235294,-1.8676470588235294,-1.2794117647058822,2.014705882352941,-2.014705882352941
2,VELVETFRUIT_EXTRACT,sell,37,-1.135135135135135,1.7567567567567568,-1.7567567567567568,-1.135135135135135,1.7567567567567568,-1.7567567567567568,-1.162162162162162,1.7837837837837838,-1.7837837837837838,-0.9594594594594594,1.5810810810810811,-1.5810810810810811
3,VELVETFRUIT_EXTRACT,sell,34,-1.411764705882353,2.073529411764706,-2.073529411764706,-1.411764705882353,2.073529411764706,-2.073529411764706,-1.4411764705882353,2.1029411764705883,-2.1029411764705883,-1.2205882352941178,1.8823529411764706,-1.8823529411764706
