day,events,transitions,same_side_next_rate,buy_rate
1,384,383,0.5744125326370757,0.484375
2,411,410,0.5073170731707317,0.5304136253041363
3,403,402,0.5174129353233831,0.4813895781637717
all,1198,1197,0.5321637426900585,0.4991652754590985
