product,side,trades,total_qty,trade_mo_t10_qty_weighted,trade_mo_t10_unit_sum,mid_mo_t10_qty_weighted,mid_mo_t10_unit_sum,trade_mo_t50_qty_weighted,trade_mo_t50_unit_sum,mid_mo_t50_qty_weighted,mid_mo_t50_unit_sum,trade_mo_t200_qty_weighted,trade_mo_t200_unit_sum,mid_mo_t200_qty_weighted,mid_mo_t200_unit_sum,trade_mo_t500_qty_weighted,trade_mo_t500_unit_sum,mid_mo_t500_qty_weighted,mid_mo_t500_unit_sum
VELVETFRUIT_EXTRACT,buy,260,1417,2.811573747353564,3984.0,0.22159491884262528,314.0,2.811573747353564,3984.0,0.22159491884262528,314.0,2.7826393789696544,3943.0,0.1926605504587156,273.0,2.9015525758645024,4111.5,0.31157374735356386,441.5
VELVETFRUIT_EXTRACT,sell,244,1375,2.910909090909091,4002.5,0.2381818181818182,327.5,2.910909090909091,4002.5,0.2381818181818182,327.5,2.8367272727272725,3900.5,0.164,225.5,2.6712727272727275,3673.0,-0.0014545454545454545,-2.0
VEV_5200,buy,11,34,1.0294117647058822,35.0,0.029411764705882353,1.0,1.0294117647058822,35.0,0.029411764705882353,1.0,1.2058823529411764,41.0,0.20588235294117646,7.0,1.0735294117647058,36.5,0.07352941176470588,2.5
VEV_5300,buy,132,439,0.7972665148063781,350.0,-0.11161731207289294,-49.0,0.7972665148063781,350.0,-0.11161731207289294,-49.0,0.7471526195899773,328.0,-0.16173120728929385,-71.0,0.7779043280182233,341.5,-0.13097949886104784,-57.5
VEV_5400,buy,263,911,0.5680570801317234,517.5,-0.029637760702524697,-27.0,0.5680570801317234,517.5,-0.029637760702524697,-27.0,0.575192096597146,524.0,-0.022502744237102086,-20.5,0.5878155872667399,535.5,-0.009879253567508232,-9.0
VEV_5500,buy,299,1042,0.505278310940499,526.5,-0.02015355086372361,-21.0,0.505278310940499,526.5,-0.02015355086372361,-21.0,0.508637236084453,530.0,-0.016794625719769675,-17.5,0.5100767754318618,531.5,-0.015355086372360844,-16.0
VEV_6000,buy,317,1105,0.5,552.5,0.0,0.0,0.5,552.5,0.0,0.0,0.5,552.5,0.0,0.0,0.5,552.5,0.0,0.0
VEV_6500,buy,317,1105,0.5,552.5,0.0,0.0,0.5,552.5,0.0,0.0,0.5,552.5,0.0,0.0,0.5,552.5,0.0,0.0
