product,side,book_relation,trades,avg_qty,avg_signed_mid_edge,avg_trade_mo_t200
VELVETFRUIT_EXTRACT,buy,at_bid,260,5.45,2.601923076923077,2.8038461538461537
VELVETFRUIT_EXTRACT,sell,at_ask,244,5.635245901639344,2.6864754098360657,2.8299180327868854
VEV_5200,buy,at_bid,11,3.090909090909091,1.0,1.0909090909090908
VEV_5300,buy,at_bid,132,3.3257575757575757,0.9090909090909091,0.7424242424242424
VEV_5400,buy,at_bid,263,3.463878326996198,0.5950570342205324,0.5684410646387833
VEV_5500,buy,at_bid,299,3.4849498327759196,0.5267558528428093,0.5133779264214047
VEV_6000,buy,at_bid,317,3.4858044164037856,0.5,0.5
VEV_6500,buy,at_bid,317,3.4858044164037856,0.5,0.5
