day,product,side,n,first_ts,last_ts,mean_gap,median_gap,p10_gap,p90_gap,top_gaps
1,VELVETFRUIT_EXTRACT,buy,6,131300,887800,151300.0,68800.0,17100.0,328840.0,34200x1; 348600x1; 68800x1; 5700x1; 299200x1
2,VELVETFRUIT_EXTRACT,buy,6,205000,992900,157580.0,107000.0,51920.0,293720.0,77600x1; 107000x1; 331600x1; 34800x1; 236900x1
3,VELVETFRUIT_EXTRACT,buy,5,111600,956900,211325.0,169350.0,135710.0,320520.00000000006,178000x1; 160700x1; 125000x1; 381600x1
1,VELVETFRUIT_EXTRACT,sell,34,9400,985600,29581.81818181818,17900.0,1240.0000000000002,69720.0,0x2; 54300x2; 1000x1; 29000x1; 34000x1
2,VELVETFRUIT_EXTRACT,sell,37,900,993500,27572.222222222223,21750.0,2400.0,62700.0,44000x1; 67700x1; 16700x1; 0x1; 5000x1
3,VELVETFRUIT_EXTRACT,sell,34,77300,984300,27484.848484848484,20200.0,1980.0000000000005,41260.0,9700x3; 0x2; 22100x2; 4300x1; 13700x1
