trigger,day,n,mid_move_10_mean,mid_move_50_mean,mid_move_200_mean,mid_move_500_mean,mid_move_1000_mean,mid_move_2000_mean,mid_move_5000_mean
M49_buy,1,6,-0.5833333333333334,-0.5833333333333334,-0.8333333333333334,-0.08333333333333333,0.08333333333333333,-2.0,-2.0
M49_buy,2,6,-1.4166666666666667,-1.4166666666666667,-1.0833333333333333,-2.0,-1.25,0.25,3.0
M49_buy,3,5,-1.9,-1.9,-1.9,-3.7,-5.3,-5.7,-3.1
M49_sell,1,34,1.8823529411764706,1.8823529411764706,1.8676470588235294,2.014705882352941,2.514705882352941,1.8088235294117647,2.8529411764705883
M49_sell,2,37,1.7567567567567568,1.7567567567567568,1.7837837837837838,1.5810810810810811,1.7837837837837838,1.5675675675675675,2.1621621621621623
M49_sell,3,34,2.073529411764706,2.073529411764706,2.1029411764705883,1.8823529411764706,2.161764705882353,2.0294117647058822,0.9264705882352942
M67_buy,1,58,1.9913793103448276,1.9913793103448276,1.8706896551724137,2.1982758620689653,2.5258620689655173,2.0344827586206895,2.9482758620689653
M67_buy,2,61,1.860655737704918,1.860655737704918,2.0081967213114753,1.7540983606557377,1.901639344262295,1.4508196721311475,1.6229508196721312
M67_buy,3,46,2.0869565217391304,2.0869565217391304,1.9565217391304348,1.8804347826086956,2.3369565217391304,2.130434782608696,1.0108695652173914
