trigger,day,events,events_with_next_within_2000,active_ticks,active_tick_pct
M49_sell,1,34,4,649,6.49
M49_sell,2,37,4,734,7.340000000000001
M49_sell,3,34,4,648,6.4799999999999995
M67_buy,1,58,5,1165,11.65
M67_buy,2,61,6,1236,12.36
M67_buy,3,46,6,895,8.95
v314159_combined,1,66,9,1263,12.629999999999999
v314159_combined,2,63,8,1245,12.45
v314159_combined,3,52,8,979,9.790000000000001
