{
  "spec": {
    "S0": 50.0,
    "sigma": 2.51,
    "r": 0.0,
    "T_2W_steps": 40,
    "T_3W_steps": 60,
    "contract_size": 3000,
    "n_paths_mc": 200000,
    "score_paths_per_realization": 100
  },
  "contracts": [
    {
      "name": "AC",
      "type": "spot",
      "K": null,
      "B": null,
      "T_steps": null,
      "bid": 49.975,
      "ask": 50.025,
      "mid": 50.0,
      "closed_form": 50.0,
      "mc_mean": 49.98593033858757,
      "mc_se": 0.07532154331218405,
      "payoff_sd": 33.68481820324764,
      "mark_100_mean": 49.93610458904661,
      "mark_100_sd": 3.363376615751446,
      "edge_buy_at_ask": -0.039069661412426626,
      "edge_sell_at_bid": -0.010930338587570532,
      "action": "SKIP",
      "qty": 0,
      "edge_per_contract": 0.0
    },
    {
      "name": "AC_50_P",
      "type": "put",
      "K": 50,
      "B": null,
      "T_steps": 60,
      "bid": 12.0,
      "ask": 12.05,
      "mid": 12.025,
      "closed_form": 12.026949236112507,
      "mc_mean": 12.031421648303443,
      "mc_se": 0.028206896391451387,
      "payoff_sd": 12.614507553115764,
      "mark_100_mean": 12.038597331351081,
      "mark_100_sd": 1.2581472053264404,
      "edge_buy_at_ask": -0.01857835169655786,
      "edge_sell_at_bid": -0.03142164830344285,
      "action": "SKIP",
      "qty": 0,
      "edge_per_contract": 0.0
    },
    {
      "name": "AC_45_P",
      "type": "put",
      "K": 45,
      "B": null,
      "T_steps": 60,
      "bid": 9.05,
      "ask": 9.1,
      "mid": 9.075,
      "closed_form": 9.088899920480923,
      "mc_mean": 9.092630994132705,
      "mc_se": 0.02406901950077908,
      "payoff_sd": 10.763992751102014,
      "mark_100_mean": 9.085570716269912,
      "mark_100_sd": 1.0618116693163924,
      "edge_buy_at_ask": -0.007369005867294831,
      "edge_sell_at_bid": -0.0426309941327041,
      "action": "SKIP",
      "qty": 0,
      "edge_per_contract": 0.0
    },
    {
      "name": "AC_40_P",
      "type": "put",
      "K": 40,
      "B": null,
      "T_steps": 60,
      "bid": 6.5,
      "ask": 6.55,
      "mid": 6.525,
      "closed_form": 6.509540160325429,
      "mc_mean": 6.513354626822547,
      "mc_se": 0.019799507752845454,
      "payoff_sd": 8.854609051279308,
      "mark_100_mean": 6.502163250450171,
      "mark_100_sd": 0.8833543502273855,
      "edge_buy_at_ask": -0.036645373177452534,
      "edge_sell_at_bid": -0.013354626822547289,
      "action": "SKIP",
      "qty": 0,
      "edge_per_contract": 0.0
    },
    {
      "name": "AC_35_P",
      "type": "put",
      "K": 35,
      "B": null,
      "T_steps": 60,
      "bid": 4.33,
      "ask": 4.35,
      "mid": 4.34,
      "closed_form": 4.336145575468791,
      "mc_mean": 4.340339290270686,
      "mc_se": 0.015504618265195596,
      "payoff_sd": 6.933876081232443,
      "mark_100_mean": 4.324751065474222,
      "mark_100_sd": 0.699074516525056,
      "edge_buy_at_ask": -0.009660709729313766,
      "edge_sell_at_bid": -0.010339290270685808,
      "action": "SKIP",
      "qty": 0,
      "edge_per_contract": 0.0
    },
    {
      "name": "AC_50_C",
      "type": "call",
      "K": 50,
      "B": null,
      "T_steps": 60,
      "bid": 12.0,
      "ask": 12.05,
      "mid": 12.025,
      "closed_form": 12.026949236112507,
      "mc_mean": 12.017351986891015,
      "mc_se": 0.05858191158591467,
      "payoff_sd": 26.198627311597544,
      "mark_100_mean": 12.01975993031204,
      "mark_100_sd": 2.650097414837015,
      "edge_buy_at_ask": -0.03264801310898591,
      "edge_sell_at_bid": -0.017351986891014803,
      "action": "SKIP",
      "qty": 0,
      "edge_per_contract": 0.0
    },
    {
      "name": "AC_60_C",
      "type": "call",
      "K": 60,
      "B": null,
      "T_steps": 60,
      "bid": 8.8,
      "ask": 8.85,
      "mid": 8.825,
      "closed_form": 8.791791697309286,
      "mc_mean": 8.781779886768176,
      "mc_se": 0.052317965337437794,
      "payoff_sd": 23.397305387797726,
      "mark_100_mean": 8.79362381128608,
      "mark_100_sd": 2.327630483373752,
      "edge_buy_at_ask": -0.06822011323182409,
      "edge_sell_at_bid": 0.018220113231825152,
      "action": "SELL",
      "qty": 50,
      "edge_per_contract": 0.018220113231825152
    },
    {
      "name": "AC_50_P_2",
      "type": "put",
      "K": 50,
      "B": null,
      "T_steps": 40,
      "bid": 9.7,
      "ask": 9.75,
      "mid": 9.725,
      "closed_form": 9.870709287833343,
      "mc_mean": 9.878727945963643,
      "mc_se": 0.024547928617714432,
      "payoff_sd": 10.978167419204384,
      "mark_100_mean": 9.87885910943072,
      "mark_100_sd": 1.0939875741633156,
      "edge_buy_at_ask": 0.128727945963643,
      "edge_sell_at_bid": -0.17872794596364372,
      "action": "BUY",
      "qty": 50,
      "edge_per_contract": 0.128727945963643
    },
    {
      "name": "AC_50_C_2",
      "type": "call",
      "K": 50,
      "B": null,
      "T_steps": 40,
      "bid": 9.7,
      "ask": 9.75,
      "mid": 9.725,
      "closed_form": 9.870709287833343,
      "mc_mean": 9.881924365061224,
      "mc_se": 0.044416965562260116,
      "payoff_sd": 19.863870870296157,
      "mark_100_mean": 9.854484244149862,
      "mark_100_sd": 2.016075054910583,
      "edge_buy_at_ask": 0.13192436506122363,
      "edge_sell_at_bid": -0.18192436506122434,
      "action": "BUY",
      "qty": 50,
      "edge_per_contract": 0.13192436506122363
    },
    {
      "name": "AC_50_CO",
      "type": "chooser",
      "K": 50,
      "B": null,
      "T_steps": 60,
      "bid": 22.2,
      "ask": 22.3,
      "mid": 22.25,
      "closed_form": 21.89765852394585,
      "mc_mean": 21.8855747846004,
      "mc_se": 0.05528352330243116,
      "payoff_sd": 24.723543227985946,
      "mark_100_mean": 21.844770491093197,
      "mark_100_sd": 2.4464306264814346,
      "edge_buy_at_ask": -0.4144252153996,
      "edge_sell_at_bid": 0.31442521539959856,
      "action": "SELL",
      "qty": 50,
      "edge_per_contract": 0.31442521539959856
    },
    {
      "name": "AC_40_BP",
      "type": "binput",
      "K": 40,
      "B": null,
      "T_steps": 60,
      "bid": 5.0,
      "ask": 5.1,
      "mid": 5.05,
      "closed_form": 4.767945195522642,
      "mc_mean": 4.768,
      "mc_se": 0.011168325911143456,
      "payoff_sd": 4.994627186437809,
      "mark_100_mean": 4.77654,
      "mark_100_sd": 0.5072662932015527,
      "edge_buy_at_ask": -0.33199999999999985,
      "edge_sell_at_bid": 0.2320000000000002,
      "action": "SELL",
      "qty": 50,
      "edge_per_contract": 0.2320000000000002
    },
    {
      "name": "AC_45_KO",
      "type": "doput",
      "K": 45,
      "B": 35,
      "T_steps": 60,
      "bid": 0.15,
      "ask": 0.175,
      "mid": 0.16249999999999998,
      "closed_form": 0.12257540906138509,
      "mc_mean": 0.20802578599408392,
      "mc_se": 0.002443565731879912,
      "payoff_sd": 1.0927958167945018,
      "mark_100_mean": 0.20698792587923787,
      "mark_100_sd": 0.10664410991297306,
      "edge_buy_at_ask": 0.03302578599408393,
      "edge_sell_at_bid": -0.05802578599408392,
      "action": "BUY",
      "qty": 500,
      "edge_per_contract": 0.03302578599408393
    }
  ],
  "actions": [
    {
      "name": "AC_60_C",
      "side": "SELL",
      "qty": 50,
      "trade_price": 8.8,
      "fair": 8.781779886768176,
      "edge_per_contract": 0.018220113231825152,
      "expected_pnl_$": 2733.016984773773
    },
    {
      "name": "AC_50_P_2",
      "side": "BUY",
      "qty": 50,
      "trade_price": 9.75,
      "fair": 9.878727945963643,
      "edge_per_contract": 0.128727945963643,
      "expected_pnl_$": 19309.191894546453
    },
    {
      "name": "AC_50_C_2",
      "side": "BUY",
      "qty": 50,
      "trade_price": 9.75,
      "fair": 9.881924365061224,
      "edge_per_contract": 0.13192436506122363,
      "expected_pnl_$": 19788.654759183544
    },
    {
      "name": "AC_50_CO",
      "side": "SELL",
      "qty": 50,
      "trade_price": 22.2,
      "fair": 21.8855747846004,